﻿<?xml version="1.0" encoding="utf-8"?>
<!--DO NOT EDIT. This document is generated by PSoC Creator design builds.-->
<PSoCCreatorIdeExport Version="1">
  <Device Part="CY8C5868LTI-LP039" Processor="CortexM3" DeviceID="2E127069" />
  <Toolchains>
    <Toolchain Name="ARM GCC Generic" Selected="True">
      <Tool Name="prebuild" Command="" Options="" />
      <Tool Name="assembler" Command="arm-none-eabi-as.exe" Options="-mcpu=cortex-m3 -mthumb -I. -IGenerated_Source\PSoC5 -alh=${OutputDir}/${CompileFile}.lst -g" />
      <Tool Name="compiler" Command="arm-none-eabi-gcc.exe" Options="-mcpu=cortex-m3 -mthumb -Wno-main -I. -IGenerated_Source\PSoC5 -Wa,-alh=${OutputDir}/${CompileFile}.lst -g -D DEBUG -Wall -ffunction-sections -O0 -ffat-lto-objects" />
      <Tool Name="linker" Command="arm-none-eabi-gcc.exe" Options="-mcpu=cortex-m3 -mthumb -g -ffunction-sections -O0 -L Generated_Source\PSoC5 -Wl,-Map,${OutputDir}/${ProjectShortName}.map -T Generated_Source\PSoC5\cm3gcc.ld -Wl,--gc-sections" />
      <Tool Name="postbuild" Command="" Options="" />
    </Toolchain>
    <Toolchain Name="ARM MDK Generic" Selected="False">
      <Tool Name="prebuild" Command="" Options="" />
      <Tool Name="assembler" Command="armasm.exe" Options="--cpu=Cortex-M3 --diag_style=gnu --thumb -i. -iGenerated_Source\PSoC5 -g --list=${OutputDir}/${CompileFile}.lst" />
      <Tool Name="compiler" Command="armcc.exe" Options="--cpu=Cortex-M3 --diag_style=gnu --diag_suppress=951 -I. -IGenerated_Source\PSoC5 --list --signed_chars -g -D DEBUG -O0 --split_sections" />
      <Tool Name="linker" Command="armlink.exe" Options="--cpu=Cortex-M3 --diag_style=gnu --no_startup --library_type=microlib --map --list ${OutputDir}/${ProjectShortName}.map --scatter Generated_Source\PSoC5\Cm3RealView.scat" />
      <Tool Name="postbuild" Command="" Options="" />
    </Toolchain>
    <Toolchain Name="ARM IAR Generic" Selected="False">
      <Tool Name="prebuild" Command="" Options="" />
      <Tool Name="assembler" Command="iasmarm.exe" Options="--cpu Cortex-M3 -I. -IGenerated_Source\PSoC5 -s+ -M&lt;&gt; -w+ -r -DDEBUG --fpu None" />
      <Tool Name="compiler" Command="iccarm.exe" Options="--cpu Cortex-M3 -I. -IGenerated_Source\PSoC5 -D DEBUG --no_cse --no_unroll --no_inline --no_code_motion --no_tbaa --no_clustering --no_scheduling --debug --endian=little -e --fpu=None -On --no_wrap_diagnostics" />
      <Tool Name="linker" Command="ilinkarm.exe" Options="--semihosting --entry __iar_program_start --config Generated_Source\PSoC5\Cm3Iar.icf" />
      <Tool Name="postbuild" Command="" Options="" />
    </Toolchain>
  </Toolchains>
  <Project Name="IRT_EX5_2" Path="C:\Users\Jacob\Dropbox\Elektro\4. semester\IRT\EX5\E4IRT_EX5\IRT_EX5_2\IRT_EX5_2.cydsn" Version="4.11" Type="Bootloadable">
    <CMSIS_SVD_File>IRT_EX5_2.svd</CMSIS_SVD_File>
    <Datasheet />
    <LinkerFiles>
      <LinkerFile Toolchain="ARM GCC Generic">.\Generated_Source\PSoC5\cm3gcc.ld</LinkerFile>
      <LinkerFile Toolchain="ARM MDK Generic">.\Generated_Source\PSoC5\Cm3RealView.scat</LinkerFile>
      <LinkerFile Toolchain="ARM IAR Generic">.\Generated_Source\PSoC5\Cm3Iar.icf</LinkerFile>
    </LinkerFiles>
    <Folders>
      <Folder BuildType="BUILD" Path="C:\Users\Jacob\Dropbox\Elektro\4. semester\IRT\EX5\E4IRT_EX5\IRT_EX5_2\IRT_EX5_2.cydsn">
        <Files Root="C:\Users\Jacob\Dropbox\Elektro\4. semester\IRT\EX5\E4IRT_EX5\IRT_EX5_2\IRT_EX5_2.cydsn">
          <File BuildType="BUILD" Toolchain="">.\main.c</File>
        </Files>
      </Folder>
      <Folder BuildType="STRICT" Path="C:\Users\Jacob\Dropbox\Elektro\4. semester\IRT\EX5\E4IRT_EX5\IRT_EX5_2\IRT_EX5_2.cydsn\Generated_Source\PSoC5">
        <Files Root="C:\Users\Jacob\Dropbox\Elektro\4. semester\IRT\EX5\E4IRT_EX5\IRT_EX5_2\IRT_EX5_2.cydsn">
          <File BuildType="BUILD" Toolchain="">.\Generated_Source\PSoC5\cyfitter_cfg.h</File>
          <File BuildType="BUILD" Toolchain="">.\Generated_Source\PSoC5\cyfitter_cfg.c</File>
          <File BuildType="BUILD" Toolchain="">.\Generated_Source\PSoC5\cybootloader.c</File>
          <File BuildType="BUILD" Toolchain="">.\Generated_Source\PSoC5\cymetadata.c</File>
          <File BuildType="BUILD" Toolchain="">.\Generated_Source\PSoC5\cydevice.h</File>
          <File BuildType="BUILD" Toolchain="">.\Generated_Source\PSoC5\cydevicegnu.inc</File>
          <File BuildType="BUILD" Toolchain="">.\Generated_Source\PSoC5\cydevicerv.inc</File>
          <File BuildType="BUILD" Toolchain="">.\Generated_Source\PSoC5\cydeviceiar.inc</File>
          <File BuildType="BUILD" Toolchain="">.\Generated_Source\PSoC5\cydevice_trm.h</File>
          <File BuildType="BUILD" Toolchain="">.\Generated_Source\PSoC5\cydevicegnu_trm.inc</File>
          <File BuildType="BUILD" Toolchain="">.\Generated_Source\PSoC5\cydevicerv_trm.inc</File>
          <File BuildType="BUILD" Toolchain="">.\Generated_Source\PSoC5\cydeviceiar_trm.inc</File>
          <File BuildType="BUILD" Toolchain="">.\Generated_Source\PSoC5\cyfittergnu.inc</File>
          <File BuildType="BUILD" Toolchain="">.\Generated_Source\PSoC5\cyfitterrv.inc</File>
          <File BuildType="BUILD" Toolchain="">.\Generated_Source\PSoC5\cyfitteriar.inc</File>
          <File BuildType="BUILD" Toolchain="">.\Generated_Source\PSoC5\cyfitter.h</File>
          <File BuildType="BUILD" Toolchain="">.\Generated_Source\PSoC5\cydisabledsheets.h</File>
          <File BuildType="BUILD" Toolchain="">.\Generated_Source\PSoC5\Bootloadable_1.c</File>
          <File BuildType="BUILD" Toolchain="">.\Generated_Source\PSoC5\Bootloadable_1.h</File>
          <File BuildType="BUILD" Toolchain="">.\Generated_Source\PSoC5\Cm3Start.c</File>
          <File BuildType="BUILD" Toolchain="">.\Generated_Source\PSoC5\core_cm3_psoc5.h</File>
          <File BuildType="BUILD" Toolchain="">.\Generated_Source\PSoC5\core_cm3.h</File>
          <File BuildType="BUILD" Toolchain="ARM GCC Generic">.\Generated_Source\PSoC5\CyBootAsmGnu.s</File>
          <File BuildType="BUILD" Toolchain="ARM MDK Generic">.\Generated_Source\PSoC5\CyBootAsmRv.s</File>
          <File BuildType="BUILD" Toolchain="">.\Generated_Source\PSoC5\CyDmac.c</File>
          <File BuildType="BUILD" Toolchain="">.\Generated_Source\PSoC5\CyDmac.h</File>
          <File BuildType="BUILD" Toolchain="">.\Generated_Source\PSoC5\CyFlash.c</File>
          <File BuildType="BUILD" Toolchain="">.\Generated_Source\PSoC5\CyFlash.h</File>
          <File BuildType="BUILD" Toolchain="">.\Generated_Source\PSoC5\CyLib.c</File>
          <File BuildType="BUILD" Toolchain="">.\Generated_Source\PSoC5\CyLib.h</File>
          <File BuildType="BUILD" Toolchain="">.\Generated_Source\PSoC5\cypins.h</File>
          <File BuildType="BUILD" Toolchain="">.\Generated_Source\PSoC5\cyPm.c</File>
          <File BuildType="BUILD" Toolchain="">.\Generated_Source\PSoC5\cyPm.h</File>
          <File BuildType="BUILD" Toolchain="">.\Generated_Source\PSoC5\CySpc.c</File>
          <File BuildType="BUILD" Toolchain="">.\Generated_Source\PSoC5\CySpc.h</File>
          <File BuildType="BUILD" Toolchain="">.\Generated_Source\PSoC5\cytypes.h</File>
          <File BuildType="BUILD" Toolchain="">.\Generated_Source\PSoC5\cyutils.c</File>
          <File BuildType="BUILD" Toolchain="">.\Generated_Source\PSoC5\core_cmFunc.h</File>
          <File BuildType="BUILD" Toolchain="">.\Generated_Source\PSoC5\core_cmInstr.h</File>
          <File BuildType="BUILD" Toolchain="ARM IAR Generic">.\Generated_Source\PSoC5\CyBootAsmIar.s</File>
          <File BuildType="BUILD" Toolchain="">.\Generated_Source\PSoC5\project.h</File>
          <File BuildType="BUILD" Toolchain="">.\Generated_Source\PSoC5\Diode_1_aliases.h</File>
          <File BuildType="BUILD" Toolchain="">.\Generated_Source\PSoC5\Diode_1.c</File>
          <File BuildType="BUILD" Toolchain="">.\Generated_Source\PSoC5\Diode_1.h</File>
          <File BuildType="BUILD" Toolchain="">.\Generated_Source\PSoC5\ADC_DelSig_1.c</File>
          <File BuildType="BUILD" Toolchain="">.\Generated_Source\PSoC5\ADC_DelSig_1.h</File>
          <File BuildType="BUILD" Toolchain="">.\Generated_Source\PSoC5\ADC_DelSig_1_PM.c</File>
          <File BuildType="BUILD" Toolchain="">.\Generated_Source\PSoC5\ADC_DelSig_1_INT.c</File>
          <File BuildType="BUILD" Toolchain="">.\Generated_Source\PSoC5\Opamp_1.c</File>
          <File BuildType="BUILD" Toolchain="">.\Generated_Source\PSoC5\Opamp_1.h</File>
          <File BuildType="BUILD" Toolchain="">.\Generated_Source\PSoC5\Opamp_1_PM.c</File>
          <File BuildType="BUILD" Toolchain="">.\Generated_Source\PSoC5\Vref_aliases.h</File>
          <File BuildType="BUILD" Toolchain="">.\Generated_Source\PSoC5\Vref.c</File>
          <File BuildType="BUILD" Toolchain="">.\Generated_Source\PSoC5\Vref.h</File>
          <File BuildType="BUILD" Toolchain="">.\Generated_Source\PSoC5\Opamp_3.c</File>
          <File BuildType="BUILD" Toolchain="">.\Generated_Source\PSoC5\Opamp_3.h</File>
          <File BuildType="BUILD" Toolchain="">.\Generated_Source\PSoC5\Opamp_3_PM.c</File>
          <File BuildType="BUILD" Toolchain="">.\Generated_Source\PSoC5\VDAC8_1.c</File>
          <File BuildType="BUILD" Toolchain="">.\Generated_Source\PSoC5\VDAC8_1.h</File>
          <File BuildType="BUILD" Toolchain="">.\Generated_Source\PSoC5\VDAC8_1_PM.c</File>
          <File BuildType="BUILD" Toolchain="">.\Generated_Source\PSoC5\VDAC8_2.c</File>
          <File BuildType="BUILD" Toolchain="">.\Generated_Source\PSoC5\VDAC8_2.h</File>
          <File BuildType="BUILD" Toolchain="">.\Generated_Source\PSoC5\VDAC8_2_PM.c</File>
          <File BuildType="BUILD" Toolchain="">.\Generated_Source\PSoC5\Clock_1.c</File>
          <File BuildType="BUILD" Toolchain="">.\Generated_Source\PSoC5\Clock_1.h</File>
          <File BuildType="BUILD" Toolchain="">.\Generated_Source\PSoC5\isr.c</File>
          <File BuildType="BUILD" Toolchain="">.\Generated_Source\PSoC5\isr.h</File>
          <File BuildType="BUILD" Toolchain="">.\Generated_Source\PSoC5\Vin_aliases.h</File>
          <File BuildType="BUILD" Toolchain="">.\Generated_Source\PSoC5\Vin.c</File>
          <File BuildType="BUILD" Toolchain="">.\Generated_Source\PSoC5\Vin.h</File>
          <File BuildType="BUILD" Toolchain="">.\Generated_Source\PSoC5\ADC_DelSig_1_Ext_CP_Clk.c</File>
          <File BuildType="BUILD" Toolchain="">.\Generated_Source\PSoC5\ADC_DelSig_1_Ext_CP_Clk.h</File>
          <File BuildType="BUILD" Toolchain="">.\Generated_Source\PSoC5\ADC_DelSig_1_IRQ.c</File>
          <File BuildType="BUILD" Toolchain="">.\Generated_Source\PSoC5\ADC_DelSig_1_IRQ.h</File>
          <File BuildType="BUILD" Toolchain="">.\Generated_Source\PSoC5\ADC_DelSig_1_theACLK.c</File>
          <File BuildType="BUILD" Toolchain="">.\Generated_Source\PSoC5\ADC_DelSig_1_theACLK.h</File>
          <File BuildType="BUILD" Toolchain="">.\Generated_Source\PSoC5\Vout_aliases.h</File>
          <File BuildType="BUILD" Toolchain="">.\Generated_Source\PSoC5\Vout.c</File>
          <File BuildType="BUILD" Toolchain="">.\Generated_Source\PSoC5\Vout.h</File>
          <File BuildType="BUILD" Toolchain="">.\Generated_Source\PSoC5\DMA_1_dma.c</File>
          <File BuildType="BUILD" Toolchain="">.\Generated_Source\PSoC5\DMA_1_dma.h</File>
          <File BuildType="BUILD" Toolchain="">.\Generated_Source\PSoC5\Filter.c</File>
          <File BuildType="BUILD" Toolchain="">.\Generated_Source\PSoC5\Filter.h</File>
          <File BuildType="BUILD" Toolchain="">.\Generated_Source\PSoC5\Filter_PM.c</File>
          <File BuildType="BUILD" Toolchain="">.\Generated_Source\PSoC5\Filter_PVT.c</File>
          <File BuildType="BUILD" Toolchain="">.\Generated_Source\PSoC5\Filter_PVT.h</File>
          <File BuildType="BUILD" Toolchain="">.\Generated_Source\PSoC5\Filter_RAM_Data.c</File>
          <File BuildType="BUILD" Toolchain="">.\Generated_Source\PSoC5\Filter_Coefficients.c</File>
        </Files>
      </Folder>
      <Folder BuildType="STRICT" Path="C:\Users\Jacob\Dropbox\Elektro\4. semester\IRT\EX5\E4IRT_EX5\IRT_EX5_2\IRT_EX5_2.cydsn\Export\ARM_GCC_Generic">
        <Files Root="C:\Users\Jacob\Dropbox\Elektro\4. semester\IRT\EX5\E4IRT_EX5\IRT_EX5_2\IRT_EX5_2.cydsn">
          <File BuildType="BUILD" Toolchain="ARM GCC Generic">.\Export\ARM_GCC_Generic\CyComponentLibrary.a</File>
        </Files>
      </Folder>
      <Folder BuildType="STRICT" Path="C:\Users\Jacob\Dropbox\Elektro\4. semester\IRT\EX5\E4IRT_EX5\IRT_EX5_2\IRT_EX5_2.cydsn\Export\ARM_MDK_Generic">
        <Files Root="C:\Users\Jacob\Dropbox\Elektro\4. semester\IRT\EX5\E4IRT_EX5\IRT_EX5_2\IRT_EX5_2.cydsn">
          <File BuildType="BUILD" Toolchain="ARM MDK Generic">.\Export\ARM_MDK_Generic\CyComponentLibrary.a</File>
        </Files>
      </Folder>
      <Folder BuildType="STRICT" Path="C:\Users\Jacob\Dropbox\Elektro\4. semester\IRT\EX5\E4IRT_EX5\IRT_EX5_2\IRT_EX5_2.cydsn\Export\ARM_IAR_Generic">
        <Files Root="C:\Users\Jacob\Dropbox\Elektro\4. semester\IRT\EX5\E4IRT_EX5\IRT_EX5_2\IRT_EX5_2.cydsn">
          <File BuildType="BUILD" Toolchain="ARM IAR Generic">.\Export\ARM_IAR_Generic\CyComponentLibrary.a</File>
        </Files>
      </Folder>
      <Folder BuildType="EXCLUDE" Path=".\codegentemp">
        <Files Root="C:\Users\Jacob\Dropbox\Elektro\4. semester\IRT\EX5\E4IRT_EX5\IRT_EX5_2\IRT_EX5_2.cydsn" />
      </Folder>
      <Folder BuildType="EXCLUDE" Path=".\ARM_GCC_441">
        <Files Root="C:\Users\Jacob\Dropbox\Elektro\4. semester\IRT\EX5\E4IRT_EX5\IRT_EX5_2\IRT_EX5_2.cydsn" />
      </Folder>
      <Folder BuildType="EXCLUDE" Path=".\ARM_GCC_473">
        <Files Root="C:\Users\Jacob\Dropbox\Elektro\4. semester\IRT\EX5\E4IRT_EX5\IRT_EX5_2\IRT_EX5_2.cydsn" />
      </Folder>
      <Folder BuildType="EXCLUDE" Path=".\DP8051_Keil_952">
        <Files Root="C:\Users\Jacob\Dropbox\Elektro\4. semester\IRT\EX5\E4IRT_EX5\IRT_EX5_2\IRT_EX5_2.cydsn" />
      </Folder>
      <Folder BuildType="EXCLUDE" Path=".\DP8051">
        <Files Root="C:\Users\Jacob\Dropbox\Elektro\4. semester\IRT\EX5\E4IRT_EX5\IRT_EX5_2\IRT_EX5_2.cydsn" />
      </Folder>
      <Folder BuildType="EXCLUDE" Path=".\CortexM0">
        <Files Root="C:\Users\Jacob\Dropbox\Elektro\4. semester\IRT\EX5\E4IRT_EX5\IRT_EX5_2\IRT_EX5_2.cydsn" />
      </Folder>
      <Folder BuildType="EXCLUDE" Path=".\CortexM3">
        <Files Root="C:\Users\Jacob\Dropbox\Elektro\4. semester\IRT\EX5\E4IRT_EX5\IRT_EX5_2\IRT_EX5_2.cydsn" />
      </Folder>
      <Folder BuildType="EXCLUDE" Path=".\Generated_Source\PSoC3">
        <Files Root="C:\Users\Jacob\Dropbox\Elektro\4. semester\IRT\EX5\E4IRT_EX5\IRT_EX5_2\IRT_EX5_2.cydsn" />
      </Folder>
      <Folder BuildType="EXCLUDE" Path=".\Generated_Source\PSoC4">
        <Files Root="C:\Users\Jacob\Dropbox\Elektro\4. semester\IRT\EX5\E4IRT_EX5\IRT_EX5_2\IRT_EX5_2.cydsn" />
      </Folder>
    </Folders>
  </Project>
</PSoCCreatorIdeExport>